product_name,title,price,original_price,discount_rate,discount_amount,mall_name,product_link,image_url,search_timestamp
오딧세이 블랙 2종,오딧세이옴므 블랙 2종 세트,38010,79800,52.37,41790,네이버,https://search.shopping.naver.com/catalog/43332873618,https://shopping-phinf.pstatic.net/main_4333287/43332873618.20250429112124.jpg,2025-08-04T00:21:29.184463
오딧세이 블랙 2종,오딧세이 NEW 오딧세이 블랙 스페셜 남성 기초 2종 기획세트 남성화장품,38480,79800,51.78,41320,옥션,https://link.auction.co.kr/gate/pcs?item-no=C339949598&sub-id=1&service-code=10000003,https://shopping-phinf.pstatic.net/main_5284083/52840834091.1.jpg,2025-08-04T00:21:29.184486
오딧세이 블랙 2종,NEW 오딧세이 블랙 스페셜 남성 기초 2종 기획세트 남성화장품 스킨 로션,40880,79800,48.77,38920,컨설팅뷰티,https://smartstore.naver.com/main/products/5576510121,https://shopping-phinf.pstatic.net/main_8312100/83121006193.1.jpg,2025-08-04T00:21:29.184440
오딧세이 블랙 2종,오딧세이 블랙 스페셜 2종 세트,41040,79800,48.57,38760,11번가,https://www.11st.co.kr/connect/Gateway.tmall?method=Xsite&prdNo=2902472100&tid=1000000061,https://shopping-phinf.pstatic.net/main_2315238/23152386790.6.jpg,2025-08-04T00:21:29.184547
오딧세이 블랙 2종,오딧세이 블랙 스페셜 2종 세트,42240,79800,47.07,37560,쿠팡,https://link.coupang.com/re/PCSNAVERPCSDP?pageKey=6279786808&ctag=6279786808&lptag=l930722133242&itemId=07224323193&vendorItemId=87551503359&spec=10305197,https://shopping-phinf.pstatic.net/main_5528969/55289693461.jpg,2025-08-04T00:21:29.184470
오딧세이 블랙 2종,오딧세이옴므 블랙 2종 세트,42240,79800,47.07,37560,네이버,https://search.shopping.naver.com/catalog/5673529312,https://shopping-phinf.pstatic.net/main_5673529/5673529312.20241028111623.jpg,2025-08-04T00:21:29.184494
오딧세이 블랙 2종,오딧세이 블랙 스페셜 2종 세트  1세트,42240,79800,47.07,37560,쿠팡,https://link.coupang.com/re/PCSNAVERPCSDP?pageKey=7672690888&ctag=7672690888&lptag=I20472213339&itemId=20472213339&vendorItemId=87551503359&spec=10305197,https://shopping-phinf.pstatic.net/main_4380226/43802265511.23.jpg,2025-08-04T00:21:29.185091
오딧세이 블랙 2종,오딧세이 오딧세이 블랙 스페셜 2종 세트 오딧세이,42640,79800,46.57,37160,G마켓,https://link.gmarket.co.kr/gate/pcs?item-no=3357251565&sub-id=1003&service-code=10000003&lcd=100000005,https://shopping-phinf.pstatic.net/main_5297844/52978447763.jpg,2025-08-04T00:21:29.185199
오딧세이 블랙 2종,오딧세이 오딧세이 블랙 2종세트,44420,79800,44.34,35380,G마켓,https://link.gmarket.co.kr/gate/pcs?item-no=804250075&sub-id=1003&service-code=10000003&lcd=100000005,https://shopping-phinf.pstatic.net/main_5387842/53878426812.1.jpg,2025-08-04T00:21:29.184575
오딧세이 블랙 2종,오디세이 블랙 2종 세트 스페셜세트 남성 화장품 선물세트 선물용,44500,79800,44.24,35300,블레스트리,https://smartstore.naver.com/main/products/9016232424,https://shopping-phinf.pstatic.net/main_8656073/86560732747.2.jpg,2025-08-04T00:21:29.184570
오딧세이 블랙 2종,오딧세이 오딧세이 블랙 스페셜 2종 세트,44800,79800,43.86,35000,옥션,https://link.auction.co.kr/gate/pcs?item-no=F211534729&sub-id=1&service-code=10000003,https://shopping-phinf.pstatic.net/main_5471039/54710398166.jpg,2025-08-04T00:21:29.184586
오딧세이 블랙 2종,오딧세이 블랙 스페셜 2종 세트 + 쇼핑백,44800,79800,43.86,35000,11번가,https://www.11st.co.kr/connect/Gateway.tmall?method=Xsite&prdNo=8288043422&tid=1000000061,https://shopping-phinf.pstatic.net/main_5481111/54811116708.jpg,2025-08-04T00:21:29.184988
오딧세이 블랙 2종,오딧세이 블랙 스페셜 2종 세트,44900,79800,43.73,34900,뷰티스퀘어,https://smartstore.naver.com/main/products/7654597272,https://shopping-phinf.pstatic.net/main_8519909/85199097594.2.jpg,2025-08-04T00:21:29.184528
오딧세이 블랙 2종,오딧세이 블랙 남성 화장품 2종 세트  1세트,44950,79800,43.67,34850,쿠팡,https://link.coupang.com/re/PCSNAVERPCSDP?pageKey=8643299213&ctag=8643299213&lptag=P8643299213&itemId=200416090&vendorItemId=74722546750&spec=10305199,https://shopping-phinf.pstatic.net/main_5350990/53509901754.60.jpg,2025-08-04T00:21:29.184502
오딧세이 블랙 2종,오딧세이 블랙 남성 화장품 2종 세트  1세트,45000,79800,43.61,34800,쿠팡,https://link.coupang.com/re/PCSNAVERPCSDP?pageKey=8643299213&ctag=8643299213&lptag=V80889891495&itemId=200416090&vendorItemId=80889891495&spec=10305199,https://shopping-phinf.pstatic.net/main_5027776/50277763205.72.jpg,2025-08-04T00:21:29.184865
오딧세이 블랙 2종,오딧세이 오딧세이 블랙 스페셜 2종 세트,45310,79800,43.22,34490,G마켓,https://link.gmarket.co.kr/gate/pcs?item-no=4410562373&sub-id=1003&service-code=10000003&lcd=100000005,https://shopping-phinf.pstatic.net/main_5471090/54710902599.3.jpg,2025-08-04T00:21:29.185012
오딧세이 블랙 2종,오딧세이 블랙 스페셜 2종 세트,45400,79800,43.11,34400,1thek,https://smartstore.naver.com/main/products/8772608478,https://shopping-phinf.pstatic.net/main_8631710/86317108801.jpg,2025-08-04T00:21:29.184560
오딧세이 블랙 2종,오딧세이 블랙 스페셜 2종 세트,45410,79800,43.1,34390,11번가,https://www.11st.co.kr/connect/Gateway.tmall?method=Xsite&prdNo=8269989021&tid=1000000061,https://shopping-phinf.pstatic.net/main_5472970/54729702014.1.jpg,2025-08-04T00:21:29.185007
오딧세이 블랙 2종,오딧세이 오딧세이 블랙 스페셜 2종세트 남성 기초화장품 신형 선물세트,45800,79800,42.61,34000,G마켓,https://link.gmarket.co.kr/gate/pcs?item-no=4254938307&sub-id=1003&service-code=10000003&lcd=100000005,https://shopping-phinf.pstatic.net/main_5416845/54168453460.2.jpg,2025-08-04T00:21:29.185141
오딧세이 블랙 2종,오딧세이 오딧세이 블랙 스페셜 2종 세트 최신제조상품 쇼핑백포함,46200,79800,42.11,33600,옥션,https://link.auction.co.kr/gate/pcs?item-no=E825574299&sub-id=1&service-code=10000003,https://shopping-phinf.pstatic.net/main_5186546/51865467802.1.jpg,2025-08-04T00:21:29.184928
오딧세이 블랙 2종,오디세이 블랙 2종 세트 기획세트(리뉴얼),46350,79800,41.92,33450,비타상사,https://smartstore.naver.com/main/products/9063682177,https://shopping-phinf.pstatic.net/main_8660818/86608182500.jpg,2025-08-04T00:21:29.185054
오딧세이 블랙 2종,오디세이 블랙 2종 세트,47090,79800,40.99,32710,조이앤존,https://smartstore.naver.com/main/products/8928530044,https://shopping-phinf.pstatic.net/main_8647303/86473030367.1.jpg,2025-08-04T00:21:29.185045
오딧세이 블랙 2종,오딧세이 오딧세이 블랙 스페셜 2종세트 스킨 로션 남성화장품 기초세트(신형),47440,79800,40.55,32360,옥션,https://link.auction.co.kr/gate/pcs?item-no=C455858073&sub-id=1&service-code=10000003,https://shopping-phinf.pstatic.net/main_2960758/29607587805.5.jpg,2025-08-04T00:21:29.184874
오딧세이 블랙 2종,오딧세이 무배 오딧세이 블랙 스페셜 2종 세트,47520,79800,40.45,32280,옥션,https://link.auction.co.kr/gate/pcs?item-no=F211535848&sub-id=1&service-code=10000003,https://shopping-phinf.pstatic.net/main_5471032/54710324696.jpg,2025-08-04T00:21:29.185016
오딧세이 블랙 2종,오딧세이 무배 오딧세이 블랙 스페셜 2종 세트,48060,79800,39.77,31740,G마켓,https://link.gmarket.co.kr/gate/pcs?item-no=4410563554&sub-id=1003&service-code=10000003&lcd=100000005,https://shopping-phinf.pstatic.net/main_5471340/54713404885.3.jpg,2025-08-04T00:21:29.184993
오딧세이 블랙 2종,오딧세이 오딧세이 블랙 스페셜 2종 세트,48060,79800,39.77,31740,G마켓,https://link.gmarket.co.kr/gate/pcs?item-no=213956892&sub-id=1003&service-code=10000003&lcd=100000005,https://shopping-phinf.pstatic.net/main_5188266/51882664880.jpg,2025-08-04T00:21:29.185021
오딧세이 블랙 2종,오딧세이 블랙 스페셜 2종 세트,48200,79800,39.6,31600,스킨플러스화장품,https://smartstore.naver.com/main/products/4974202089,https://shopping-phinf.pstatic.net/main_8251872/82518722413.3.jpg,2025-08-04T00:21:29.184887
오딧세이 블랙 2종,[NEW] 오딧세이 블랙 스페셜 2종세트,48240,79800,39.55,31560,GSSHOP,http://with.gsshop.com/alia/aliaGate.gs?media=OB&ecpid=1040356963&vodFlag=N&prdseqnum=1040356963&utm_source=price&utm_medium=affiliate&utm_campaign=naver,https://shopping-phinf.pstatic.net/main_5534058/55340589561.1.jpg,2025-08-04T00:21:29.184541
오딧세이 블랙 2종,오딧세이 블랙 스페셜 2종 세트,48680,79800,39.0,31120,11번가,https://www.11st.co.kr/connect/Gateway.tmall?method=Xsite&prdNo=6343172391&tid=1000000061,https://shopping-phinf.pstatic.net/main_5486068/54860689082.1.jpg,2025-08-04T00:21:29.185190
오딧세이 블랙 2종,오딧세이 블랙 스페셜 2종 세트,49260,79800,38.27,30540,롯데ON,https://www.lotteon.com/p/product/LO2190539756?sitmNo=LO2190539756_2190539757&ch_no=100065&ch_dtl_no=1000030&entryPoint=pcs&dp_infw_cd=CHT,https://shopping-phinf.pstatic.net/main_4304048/43040480432.7.jpg,2025-08-04T00:21:29.185031
오딧세이 블랙 2종,오딧세이 블랙 스페셜 2종세트,49270,79800,38.26,30530,옥션,https://link.auction.co.kr/gate/pcs?item-no=D640579579&sub-id=1&service-code=10000003,https://shopping-phinf.pstatic.net/main_5415460/54154609372.1.jpg,2025-08-04T00:21:29.184905
오딧세이 블랙 2종,블랙 스페셜 2종세트,49277,79800,38.25,30523,SSG닷컴,http://www.ssg.com/item/itemView.ssg?itemId=1000562783958&siteNo=6001&salestrNo=6005&ckwhere=ssg_naver&appPopYn=n&utm_medium=PCS&utm_source=naver&utm_campaign=naver_pcs,https://shopping-phinf.pstatic.net/main_4301334/43013343817.5.jpg,2025-08-04T00:21:29.184941
오딧세이 블랙 2종,오딧세이 블랙 스페셜 2종 세트,49280,79800,38.25,30520,CJ온스타일,https://display.cjonstyle.com/p/item/2021613905?infl_cd=I0696&utm_medium=pcs&utm_source=naver,https://shopping-phinf.pstatic.net/main_5532583/55325839654.1.jpg,2025-08-04T00:21:29.184860
오딧세이 블랙 2종,오딧세이 블랙 스페셜 2종세트,49280,79800,38.25,30520,G마켓,https://link.gmarket.co.kr/gate/pcs?item-no=3227571348&sub-id=1003&service-code=10000003&lcd=100000005,https://shopping-phinf.pstatic.net/main_4301263/43012631988.5.jpg,2025-08-04T00:21:29.184882
오딧세이 블랙 2종,[NEW] 오딧세이 블랙 스페셜 2종세트,49280,79800,38.25,30520,11번가,https://www.11st.co.kr/connect/Gateway.tmall?method=Xsite&prdNo=6579879731&tid=1000000061,https://shopping-phinf.pstatic.net/main_5534075/55340754677.1.jpg,2025-08-04T00:21:29.184997
오딧세이 블랙 2종,[오딧세이] 블랙 스페셜 2종 세트 AR65XX00024,49550,79800,37.91,30250,LFmall,https://www.lfmall.co.kr/app/product/AR65XX00024?af=2000&utm_source=pc_shopping.naver&utm_medium=cps&utm_campaign=sale,https://shopping-phinf.pstatic.net/main_4303402/43034028173.3.jpg,2025-08-04T00:21:29.184937
오딧세이 블랙 2종,오딧세이 블랙 2종 세트,49900,79800,37.47,29900,뷰티스퀘어,https://smartstore.naver.com/main/products/4327786604,https://shopping-phinf.pstatic.net/main_8187230/81872308537.6.jpg,2025-08-04T00:21:29.184521
오딧세이 블랙 2종,오디세이 블랙 2종 세트,49900,79800,37.47,29900,판매마당,https://smartstore.naver.com/main/products/8230946377,https://shopping-phinf.pstatic.net/main_8577544/85775446700.jpg,2025-08-04T00:21:29.185063
오딧세이 블랙 2종,오디세이 블랙 2종 세트,49980,79800,37.37,29820,황당한마켓,https://smartstore.naver.com/main/products/8141449638,https://shopping-phinf.pstatic.net/main_8568594/85685949961.jpg,2025-08-04T00:21:29.184854
오딧세이 블랙 2종,오딧세이 오딧세이 블랙 스페셜 2종세트 스킨 로션 남성화장품 기초세트(신형),50080,79800,37.24,29720,옥션,https://link.auction.co.kr/gate/pcs?item-no=C455858821&sub-id=1&service-code=10000003,https://shopping-phinf.pstatic.net/main_2960770/29607708879.5.jpg,2025-08-04T00:21:29.184565
오딧세이 블랙 2종,오딧세이 오딧세이 블랙 스페셜 2종 세트,50290,79800,36.98,29510,G마켓,https://link.gmarket.co.kr/gate/pcs?item-no=196312168&sub-id=1003&service-code=10000003&lcd=100000005,https://shopping-phinf.pstatic.net/main_5188263/51882631375.jpg,2025-08-04T00:21:29.185025
오딧세이 블랙 2종,오딧세이 NEW 오딧세이 블랙 스페셜 2종세트,50320,79800,36.94,29480,G마켓,https://link.gmarket.co.kr/gate/pcs?item-no=3381236958&sub-id=1003&service-code=10000003&lcd=100000005,https://shopping-phinf.pstatic.net/main_5534089/55340898291.1.jpg,2025-08-04T00:21:29.184896
오딧세이 블랙 2종,오딧세이 블랙 스페셜 2종세트 스킨 로션 남성화장품 기초세트(신형),50760,79800,36.39,29040,11번가,https://www.11st.co.kr/connect/Gateway.tmall?method=Xsite&prdNo=3919684721&tid=1000000061,https://shopping-phinf.pstatic.net/main_5338061/53380611887.jpg,2025-08-04T00:21:29.184878
오딧세이 블랙 2종,오딧세이 오딧세이 블랙 스페셜 2종 세트 + 증정,50870,79800,36.25,28930,옥션,https://link.auction.co.kr/gate/pcs?item-no=D644186327&sub-id=1&service-code=10000003,https://shopping-phinf.pstatic.net/main_5437511/54375118853.jpg,2025-08-04T00:21:29.184891
오딧세이 블랙 2종,오딧세이 오딧세이 블랙 스페셜 2종 세트 + 증정,50880,79800,36.24,28920,G마켓,https://link.gmarket.co.kr/gate/pcs?item-no=3231583579&sub-id=1003&service-code=10000003&lcd=100000005,https://shopping-phinf.pstatic.net/main_5433612/54336123909.jpg,2025-08-04T00:21:29.184554
오딧세이 블랙 2종,오딧세이 블랙 스페셜 2종 세트,51500,79800,35.46,28300,동화코스메틱,https://smartstore.naver.com/main/products/100207066,https://shopping-phinf.pstatic.net/main_8501204/8501204177.6.jpg,2025-08-04T00:21:29.185203
오딧세이 블랙 2종,NEW 오딧세이 블랙 스페셜 2종 세트,51700,79800,35.21,28100,까까조,https://smartstore.naver.com/main/products/8486056643,https://shopping-phinf.pstatic.net/main_8603055/86030556966.1.jpg,2025-08-04T00:21:29.185160
오딧세이 블랙 2종,블랙 스페셜 2종세트,51870,79800,35.0,27930,신세계몰,http://shinsegaemall.ssg.com/item/itemView.ssg?itemId=1000562783958&siteNo=6004&salestrNo=6005&ckwhere=s_naver&appPopYn=n&utm_medium=PCS&utm_source=naver&utm_campaign=naver_pcs,https://shopping-phinf.pstatic.net/main_4301302/43013024316.5.jpg,2025-08-04T00:21:29.184580
오딧세이 블랙 2종,블랙 스페셜 2종세트,51870,79800,35.0,27930,이마트몰,http://emart.ssg.com/item/itemView.ssg?itemId=1000562783958&siteNo=6001&ckwhere=naver&appPopYn=n&utm_medium=PCS&utm_source=naver&utm_campaign=naver_pcs,https://shopping-phinf.pstatic.net/main_4301331/43013317682.5.jpg,2025-08-04T00:21:29.184946
오딧세이 블랙 2종,[NEW] 오딧세이 블랙 스페셜 2종세트,51870,79800,35.0,27930,신세계라이브쇼핑,https://www.shinsegaetvshopping.com/display/detail/30153769?inMediaCode=EC12&ckwhere=naverep,https://shopping-phinf.pstatic.net/main_4312098/43120981694.4.jpg,2025-08-04T00:21:29.185177
오딧세이 블랙 2종,오딧세이 오딧세이 블랙 스페셜 2종 세트,52800,79800,33.83,27000,옥션,https://link.auction.co.kr/gate/pcs?item-no=E203367107&sub-id=1&service-code=10000003,https://shopping-phinf.pstatic.net/main_5418227/54182276712.jpg,2025-08-04T00:21:29.185082
오딧세이 블랙 2종,오딧세이 오딧세이 블랙 스페셜 2종 세트,52800,79800,33.83,27000,옥션,https://link.auction.co.kr/gate/pcs?item-no=E468652216&sub-id=1&service-code=10000003,https://shopping-phinf.pstatic.net/main_5417840/54178403058.jpg,2025-08-04T00:21:29.185104
오딧세이 블랙 2종,오딧세이 오딧세이 블랙 스페셜 2종 세트 피부진정,52800,79800,33.83,27000,옥션,https://link.auction.co.kr/gate/pcs?item-no=E203367204&sub-id=1&service-code=10000003,https://shopping-phinf.pstatic.net/main_5417467/54174676608.jpg,2025-08-04T00:21:29.185113
오딧세이 블랙 2종,오딧세이 오딧세이 블랙 스페셜 2종 세트,52800,79800,33.83,27000,G마켓,https://link.gmarket.co.kr/gate/pcs?item-no=3579509771&sub-id=1003&service-code=10000003&lcd=100000005,https://shopping-phinf.pstatic.net/main_5416825/54168258924.jpg,2025-08-04T00:21:29.185117
오딧세이 블랙 2종,오딧세이 오딧세이 블랙 스페셜 2종 세트 피부진정,52800,79800,33.83,27000,G마켓,https://link.gmarket.co.kr/gate/pcs?item-no=3579509835&sub-id=1003&service-code=10000003&lcd=100000005,https://shopping-phinf.pstatic.net/main_5416871/54168713751.jpg,2025-08-04T00:21:29.185122
오딧세이 블랙 2종,오딧세이 오딧세이 블랙 스페셜 2종 세트,52800,79800,33.83,27000,G마켓,https://link.gmarket.co.kr/gate/pcs?item-no=3860859551&sub-id=1003&service-code=10000003&lcd=100000005,https://shopping-phinf.pstatic.net/main_5416724/54167242371.jpg,2025-08-04T00:21:29.185136
오딧세이 블랙 2종,오딧세이 오딧세이 블랙 2종 단품/스킨+로션,53230,79800,33.3,26570,G마켓,https://link.gmarket.co.kr/gate/pcs?item-no=843349060&sub-id=1003&service-code=10000003&lcd=100000005,https://shopping-phinf.pstatic.net/main_5001581/50015810749.jpg,2025-08-04T00:21:29.185002
오딧세이 블랙 2종,오딧세이 오딧세이 블랙 2종 기획세트,53270,79800,33.25,26530,G마켓,https://link.gmarket.co.kr/gate/pcs?item-no=3372286814&sub-id=1003&service-code=10000003&lcd=100000005,https://shopping-phinf.pstatic.net/main_5299149/52991490530.jpg,2025-08-04T00:21:29.185072
오딧세이 블랙 2종,오딧세이 블랙 스페셜 2종 세트 안티에이징 스킨로션 (스킨 130ml+에멀젼 130ml),53460,79800,33.01,26340,오딧세이 옴므,https://smartstore.naver.com/main/products/9428643502,https://shopping-phinf.pstatic.net/main_8697314/86973143825.6.jpg,2025-08-04T00:21:29.185086
오딧세이 블랙 2종,오딧세이 블랙 스페셜 2종 세트 안티에이징 스킨로션 (스킨 130ml+에멀젼 130ml),53460,79800,33.01,26340,오딧세이,https://shopping.naver.com/outlink/itemdetail/9428643503,https://shopping-phinf.pstatic.net/main_8697314/86973143826.6.jpg,2025-08-04T00:21:29.185095
오딧세이 블랙 2종,오딧세이 오딧세이 블랙 스페셜 2종 단품세트,53500,79800,32.96,26300,옥션,https://link.auction.co.kr/gate/pcs?item-no=E314671668&sub-id=1&service-code=10000003,https://shopping-phinf.pstatic.net/main_5417414/54174141153.jpg,2025-08-04T00:21:29.185108
오딧세이 블랙 2종,오딧세이 오딧세이 블랙 스페셜 2종 단품세트,53500,79800,32.96,26300,G마켓,https://link.gmarket.co.kr/gate/pcs?item-no=3696725065&sub-id=1003&service-code=10000003&lcd=100000005,https://shopping-phinf.pstatic.net/main_5416936/54169360943.jpg,2025-08-04T00:21:29.185127
오딧세이 블랙 2종,오딧세이 오딧세이 블랙 스페셜 2종세트,54290,79800,31.97,25510,G마켓,https://link.gmarket.co.kr/gate/pcs?item-no=4081059977&sub-id=1003&service-code=10000003&lcd=100000005,https://shopping-phinf.pstatic.net/main_5580813/55808137469.jpg,2025-08-04T00:21:29.184968
오딧세이 블랙 2종,오딧세이 오딧세이 블랙 스페셜 2종세트,54290,79800,31.97,25510,G마켓,https://link.gmarket.co.kr/gate/pcs?item-no=4066674701&sub-id=1003&service-code=10000003&lcd=100000005,https://shopping-phinf.pstatic.net/main_5298360/52983601937.jpg,2025-08-04T00:21:29.184973
오딧세이 블랙 2종,오딧세이 블랙 2종 기획세트 2022 NEW,55850,79800,30.01,23950,daylike,https://smartstore.naver.com/main/products/7651704199,https://shopping-phinf.pstatic.net/main_8519620/85196204521.jpg,2025-08-04T00:21:29.184932
오딧세이 블랙 2종,오딧세이 오딧세이 블랙 스페셜 2종 세트,55860,79800,30.0,23940,G마켓,https://link.gmarket.co.kr/gate/pcs?item-no=3837033945&sub-id=1003&service-code=10000003&lcd=100000005,https://shopping-phinf.pstatic.net/main_5433835/54338355911.jpg,2025-08-04T00:21:29.184478
오딧세이 블랙 2종,오딧세이 블랙 스페셜 2종 세트,55860,79800,30.0,23940,아모레퍼시픽공식몰,https://www.amoremall.com/kr/ko/product/detail?onlineProdSn=59825&utm_source=naver&utm_medium=sa&utm_campaign=ao_naver_shopping&utm_content=odyssey,https://shopping-phinf.pstatic.net/main_4303338/43033381048.10.jpg,2025-08-04T00:21:29.184535
오딧세이 블랙 2종,오딧세이 오딧세이 블랙 2종 세트 스킨로션 기초세트,57000,79800,28.57,22800,옥션,https://link.auction.co.kr/gate/pcs?item-no=D962849188&sub-id=1&service-code=10000003,https://shopping-phinf.pstatic.net/main_5578338/55783381910.jpg,2025-08-04T00:21:29.184950
오딧세이 블랙 2종,오딧세이 오딧세이 블랙 2종 세트 스킨로션 기초세트,57000,79800,28.57,22800,G마켓,https://link.gmarket.co.kr/gate/pcs?item-no=3573416364&sub-id=1003&service-code=10000003&lcd=100000005,https://shopping-phinf.pstatic.net/main_5578341/55783415987.jpg,2025-08-04T00:21:29.184955
오딧세이 블랙 2종,오딧세이 블랙 2종 세트,57400,79800,28.07,22400,토즈미,https://smartstore.naver.com/main/products/7693069662,https://shopping-phinf.pstatic.net/main_8523756/85237569984.jpg,2025-08-04T00:21:29.184922
오딧세이 블랙 2종,아모레 오딧세이 블랙 스페셜 2종 기획세트 40 50 60대 남자 남성화장품,58850,79800,26.25,20950,미남해피,https://smartstore.naver.com/main/products/5651406209,https://shopping-phinf.pstatic.net/main_8319590/83195903513.1.jpg,2025-08-04T00:21:29.185078
오딧세이 블랙 2종,아모레 오딧세이 블랙 스페셜 2종 기획세트 40 50 60대 남자 남성화장품,58850,79800,26.25,20950,쏘스킨,https://smartstore.naver.com/main/products/5651406762,https://shopping-phinf.pstatic.net/main_8319590/83195904066.1.jpg,2025-08-04T00:21:29.185168
오딧세이 블랙 2종,오딧세이 아모레 오딧세이 블랙 스페셜 2종세트,59670,79800,25.23,20130,옥션,https://link.auction.co.kr/gate/pcs?item-no=D553420560&sub-id=1&service-code=10000003,https://shopping-phinf.pstatic.net/main_5488051/54880511217.jpg,2025-08-04T00:21:29.185173
오딧세이 블랙 2종,오딧세이 오딧세이 블랙 스페셜 2종세트,62570,79800,21.59,17230,G마켓,https://link.gmarket.co.kr/gate/pcs?item-no=4479831818&sub-id=1003&service-code=10000003&lcd=100000005,https://shopping-phinf.pstatic.net/main_5585344/55853445163.jpg,2025-08-04T00:21:29.184959
오딧세이 블랙 2종,오딧세이 블랙 2종세트 [기획세트],63610,79800,20.29,16190,온라인팜스토어,https://smartstore.naver.com/main/products/7573188266,https://shopping-phinf.pstatic.net/main_8511768/85117688588.2.jpg,2025-08-04T00:21:29.184963
오딧세이 블랙 2종,오딧세이 블랙 2종세트 [기획세트] /OPM,63610,79800,20.29,16190,OnParm,https://smartstore.naver.com/main/products/7573188131,https://shopping-phinf.pstatic.net/main_8511768/85117688453.2.jpg,2025-08-04T00:21:29.185040
오딧세이 블랙 2종,오딧세이 블랙 2종세트 [단품세트],63610,79800,20.29,16190,온라인팜스토어,https://smartstore.naver.com/main/products/7573187920,https://shopping-phinf.pstatic.net/main_8511768/85117688242.2.jpg,2025-08-04T00:21:29.185049
오딧세이 블랙 2종,오딧세이 블랙 2종세트 [단품세트] /OPM,63610,79800,20.29,16190,OnParm,https://smartstore.naver.com/main/products/7573187803,https://shopping-phinf.pstatic.net/main_8511768/85117688125.2.jpg,2025-08-04T00:21:29.185058
오딧세이 블랙 2종,오딧세이 오딧세이 블랙 2종세트 단품세트,66220,79800,17.02,13580,G마켓,https://link.gmarket.co.kr/gate/pcs?item-no=2661396482&sub-id=1003&service-code=10000003&lcd=100000005,https://shopping-phinf.pstatic.net/main_5523495/55234959050.jpg,2025-08-04T00:21:29.184978
오딧세이 블랙 2종,오디세이 블랙 2종 세트,71120,79800,10.88,8680,스타우라,https://smartstore.naver.com/main/products/9059379953,https://shopping-phinf.pstatic.net/main_8660388/86603880276.1.jpg,2025-08-04T00:21:29.184869
오딧세이 블랙 2종,[본사직영] 오딧세이 블랙 스페셜 2종 세트,71190,79800,10.79,8610,11번가,https://www.11st.co.kr/connect/Gateway.tmall?method=Xsite&prdNo=6345294270&tid=1000000061,https://shopping-phinf.pstatic.net/main_4365300/43653005188.1.jpg,2025-08-04T00:21:29.184910
오딧세이 블랙 2종,[특별구성] 오딧세이 블랙 스페셜 2종세트+스킨 리파이너 단품,72370,79800,9.31,7430,GSSHOP,http://with.gsshop.com/alia/aliaGate.gs?media=OB&ecpid=1049767364&vodFlag=N&prdseqnum=1049767364&utm_source=price&utm_medium=affiliate&utm_campaign=naver,https://shopping-phinf.pstatic.net/main_5534064/55340645665.1.jpg,2025-08-04T00:21:29.184900
오딧세이 블랙 2종,오딧세이 블랙 스페셜 2종 세트 + 스킨 리파이너 130ml,73790,79800,7.53,6010,롯데ON,https://www.lotteon.com/p/product/LO2271326114?sitmNo=LO2271326114_2271326115&ch_no=100065&ch_dtl_no=1000030&entryPoint=pcs&dp_infw_cd=CHT,https://shopping-phinf.pstatic.net/main_4611723/46117237897.5.jpg,2025-08-04T00:21:29.185164
오딧세이 블랙 2종,오딧세이 블랙 스페셜 2종 세트 + 스킨 리파이너 130ml,73920,79800,7.37,5880,CJ온스타일,https://display.cjonstyle.com/p/item/2027609619?infl_cd=I0696&utm_medium=pcs&utm_source=naver,https://shopping-phinf.pstatic.net/main_4583697/45836976930.4.jpg,2025-08-04T00:21:29.185186
오딧세이 블랙 2종,아모레 오딧세이 블랙 기초2종세트 남성화장품세트,78170,79800,2.04,1630,SOOONMART,https://smartstore.naver.com/main/products/10438709940,https://shopping-phinf.pstatic.net/main_8798321/87983214975.jpg,2025-08-04T00:21:29.185195
오딧세이 블랙 2종,오딧세이 블랙 남성 화장품 2종 세트  1세트,80000,79800,-0.25,-200,쿠팡,https://link.coupang.com/re/PCSNAVERPCSDP?pageKey=8643299213&ctag=8643299213&lptag=V83244417650&itemId=200416090&vendorItemId=83244417650&spec=10305199,https://shopping-phinf.pstatic.net/main_5388809/53888097793.51.jpg,2025-08-04T00:21:29.185181
오딧세이 블랙 2종,오딧세이 오딧세이 블랙 스페셜 2종세트 남성스킨케어,80320,79800,-0.65,-520,G마켓,https://link.gmarket.co.kr/gate/pcs?item-no=4460439249&sub-id=1003&service-code=10000003&lcd=100000005,https://shopping-phinf.pstatic.net/main_5556290/55562908888.jpg,2025-08-04T00:21:29.184984
오딧세이 블랙 2종,오디세이 블랙 2종 세트,96520,79800,-20.95,-16720,이달의딜,https://smartstore.naver.com/main/products/11351752337,https://shopping-phinf.pstatic.net/main_8889626/88896262679.jpg,2025-08-04T00:21:29.185067
오딧세이 블랙 2종,오딧세이 블랙 2종 스페셜세트,117750,79800,-47.56,-37950,가심비 가성비 대용량,https://smartstore.naver.com/main/products/11508735805,https://shopping-phinf.pstatic.net/main_8905324/89053246170.jpg,2025-08-04T00:21:29.185035
오딧세이 블랙 2종,오딧세이 오딧세이 블랙 스페셜 2종세트 남성스킨케어,140490,79800,-76.05,-60690,G마켓,https://link.gmarket.co.kr/gate/pcs?item-no=4489430842&sub-id=1003&service-code=10000003&lcd=100000005,https://shopping-phinf.pstatic.net/main_5600137/56001370808.jpg,2025-08-04T00:21:29.185099
오딧세이 블랙 2종,오딧세이 오딧세이 블랙 스페셜 2종세트,445000,79800,-457.64,-365200,G마켓,https://link.gmarket.co.kr/gate/pcs?item-no=3768690576&sub-id=1003&service-code=10000003&lcd=100000005,https://shopping-phinf.pstatic.net/main_5299048/52990488211.jpg,2025-08-04T00:21:29.185155
오딧세이 로맨틱 2종,오딧세이 오딧세이 로맨틱 스페셜 2종세트,30160,59800,49.57,29640,옥션,https://link.auction.co.kr/gate/pcs?item-no=D290919615&sub-id=1&service-code=10000003,https://shopping-phinf.pstatic.net/main_5534311/55343112176.1.jpg,2025-08-04T00:21:30.663126
오딧세이 로맨틱 2종,오딧세이 오딧세이 로맨틱 스페셜 2종세트,30730,59800,48.61,29070,G마켓,https://link.gmarket.co.kr/gate/pcs?item-no=1635210102&sub-id=1003&service-code=10000003&lcd=100000005,https://shopping-phinf.pstatic.net/main_5534320/55343204225.1.jpg,2025-08-04T00:21:30.663108
오딧세이 로맨틱 2종,오딧세이옴므 로맨틱 2종 세트(신형),30800,59800,48.49,29000,네이버,https://search.shopping.naver.com/catalog/43331986622,https://shopping-phinf.pstatic.net/main_4333198/43331986622.20240318160129.jpg,2025-08-04T00:21:30.663121
오딧세이 로맨틱 2종,오디세이 로맨틱 2종 세트,30890,59800,48.34,28910,잘되는 SKBC,https://smartstore.naver.com/main/products/8273689103,https://shopping-phinf.pstatic.net/main_8581818/85818189426.1.jpg,2025-08-04T00:21:30.663132
오딧세이 로맨틱 2종,오딧세이 로맨틱 2종 스페셜 세트 기획 남성화장품,30900,59800,48.33,28900,JS메틱,https://smartstore.naver.com/main/products/10592533577,https://shopping-phinf.pstatic.net/main_8813703/88137039167.jpg,2025-08-04T00:21:30.663130
오딧세이 로맨틱 2종,오딧세이 로맨틱 스페셜 2종 세트,31500,59800,47.32,28300,1thek,https://smartstore.naver.com/main/products/8289668949,https://shopping-phinf.pstatic.net/main_8583416/85834169272.1.jpg,2025-08-04T00:21:30.663141
오딧세이 로맨틱 2종,오딧세이옴므 로맨틱 2종 세트,31590,59800,47.17,28210,네이버,https://search.shopping.naver.com/catalog/5982247497,https://shopping-phinf.pstatic.net/main_5982247/5982247497.20241021144801.jpg,2025-08-04T00:21:30.663123
오딧세이 로맨틱 2종,오딧세이 로맨틱 스페셜 2종 세트,31670,59800,47.04,28130,11번가,https://www.11st.co.kr/connect/Gateway.tmall?method=Xsite&prdNo=343769808&tid=1000000061,https://shopping-phinf.pstatic.net/main_1893621/18936218148.10.jpg,2025-08-04T00:21:30.663147
오딧세이 로맨틱 2종,오딧세이 오딧세이 로맨틱 스킨+로션 130ml 2종,31760,59800,46.89,28040,옥션,https://link.auction.co.kr/gate/pcs?item-no=C298122448&sub-id=1&service-code=10000003,https://shopping-phinf.pstatic.net/main_5354773/53547739273.jpg,2025-08-04T00:21:30.663162
오딧세이 로맨틱 2종,2종세트 new오딧세이 로맨틱 스페셜 기초세트 신형 남자남성스킨로션세트,31800,59800,46.82,28000,브랜드총판,https://smartstore.naver.com/main/products/11255738076,https://shopping-phinf.pstatic.net/main_8880024/88800248407.jpg,2025-08-04T00:21:30.663116
오딧세이 로맨틱 2종,new 2종 오딧세이 로맨틱 스페셜 선물세트 남성기초세트 신형 스킨로션세트,31800,59800,46.82,28000,브랜드총판,https://smartstore.naver.com/main/products/9280440034,https://shopping-phinf.pstatic.net/main_8682494/86824940357.3.jpg,2025-08-04T00:21:30.663137
오딧세이 로맨틱 2종,오딧세이 로맨틱 스페셜 2종세트,32000,59800,46.49,27800,11번가,https://www.11st.co.kr/connect/Gateway.tmall?method=Xsite&prdNo=7890647473&tid=1000000061,https://shopping-phinf.pstatic.net/main_5293515/52935156656.jpg,2025-08-04T00:21:30.663192
오딧세이 로맨틱 2종,오딧세이 로맨틱 스페셜 2종세트,32030,59800,46.44,27770,11번가,https://www.11st.co.kr/connect/Gateway.tmall?method=Xsite&prdNo=2470502120&tid=1000000061,https://shopping-phinf.pstatic.net/main_5534300/55343003492.jpg,2025-08-04T00:21:30.663182
오딧세이 로맨틱 2종,NEW 오딧세이 로맨틱 2종 스페셜세트 남성화장품세트,32120,59800,46.29,27680,11번가,https://www.11st.co.kr/connect/Gateway.tmall?method=Xsite&prdNo=6319141324&tid=1000000061,https://shopping-phinf.pstatic.net/main_5352969/53529690589.1.jpg,2025-08-04T00:21:30.663180
오딧세이 로맨틱 2종,오딧세이 오딧세이 로맨틱 스킨130ml+로션130ml 2종,32130,59800,46.27,27670,G마켓,https://link.gmarket.co.kr/gate/pcs?item-no=895691464&sub-id=1003&service-code=10000003&lcd=100000005,https://shopping-phinf.pstatic.net/main_5354990/53549901167.jpg,2025-08-04T00:21:30.663143
오딧세이 로맨틱 2종,오딧세이 로맨틱 스페셜 2종 세트,32360,59800,45.89,27440,쿠팡,https://link.coupang.com/re/PCSNAVERPCSDP?pageKey=6776709676&ctag=6776709676&lptag=l092050280005&itemId=00205900805&vendorItemId=87578306649&spec=10305197,https://shopping-phinf.pstatic.net/main_5529328/55293289999.jpg,2025-08-04T00:21:30.663119
오딧세이 로맨틱 2종,오딧세이 NEW 로맨틱 스킨 리파이너 남성 2종 세트  1개,32360,59800,45.89,27440,쿠팡,https://link.coupang.com/re/PCSNAVERPCSDP?pageKey=7677967066&ctag=7677967066&lptag=I20500089500&itemId=20500089500&vendorItemId=87578306649&spec=10305197,https://shopping-phinf.pstatic.net/main_4380235/43802359120.17.jpg,2025-08-04T00:21:30.663204
오딧세이 로맨틱 2종,오딧세이 NEW 로맨틱 스페셜 2종 세트+여행용키트,32920,59800,44.95,26880,11번가,https://www.11st.co.kr/connect/Gateway.tmall?method=Xsite&prdNo=8195370779&tid=1000000061,https://shopping-phinf.pstatic.net/main_5425339/54253394130.1.jpg,2025-08-04T00:21:30.663302
오딧세이 로맨틱 2종,오딧세이 오딧세이 로맨틱 스페셜 2종 세트 남성화장품,33110,59800,44.63,26690,G마켓,https://link.gmarket.co.kr/gate/pcs?item-no=1879053761&sub-id=1003&service-code=10000003&lcd=100000005,https://shopping-phinf.pstatic.net/main_5403403/54034038603.2.jpg,2025-08-04T00:21:30.663170
오딧세이 로맨틱 2종,오딧세이 오딧세이 로맨틱 스킨+로션 130ml 2종,33270,59800,44.36,26530,옥션,https://link.auction.co.kr/gate/pcs?item-no=C297357550&sub-id=1&service-code=10000003,https://shopping-phinf.pstatic.net/main_5354779/53547791792.jpg,2025-08-04T00:21:30.663160
오딧세이 로맨틱 2종,오딧세이 오딧세이 로맨틱 스킨+로션 130ml 2종,33650,59800,43.73,26150,G마켓,https://link.gmarket.co.kr/gate/pcs?item-no=2052573651&sub-id=1003&service-code=10000003&lcd=100000005,https://shopping-phinf.pstatic.net/main_5354977/53549777686.jpg,2025-08-04T00:21:30.663251
오딧세이 로맨틱 2종,오딧세이 오딧세이 로맨틱 스킨+로션 130ml 2종,33650,59800,43.73,26150,G마켓,https://link.gmarket.co.kr/gate/pcs?item-no=2053890449&sub-id=1003&service-code=10000003&lcd=100000005,https://shopping-phinf.pstatic.net/main_5354972/53549723408.jpg,2025-08-04T00:21:30.663283
오딧세이 로맨틱 2종,오딧세이 로맨틱 스킨:로션 2종/구성 선택,33720,59800,43.61,26080,11번가,https://www.11st.co.kr/connect/Gateway.tmall?method=Xsite&prdNo=1905200218&tid=1000000061,https://shopping-phinf.pstatic.net/main_5411295/54112954839.jpg,2025-08-04T00:21:30.663158
오딧세이 로맨틱 2종,NEW 오딧세이 로맨틱 스페셜 2종세트 상쾌한 남성 기초 화장품 c1 명절 선물세트,33720,59800,43.61,26080,11번가,https://www.11st.co.kr/connect/Gateway.tmall?method=Xsite&prdNo=6764299647&tid=1000000061,https://shopping-phinf.pstatic.net/main_5432257/54322573604.jpg,2025-08-04T00:21:30.663164
오딧세이 로맨틱 2종,NEW 오딧세이 로맨틱 스페셜 2종세트 상쾌한 남성 기초 화장품 명절 선물세트,33720,59800,43.61,26080,11번가,https://www.11st.co.kr/connect/Gateway.tmall?method=Xsite&prdNo=3110650782&tid=1000000061,https://shopping-phinf.pstatic.net/main_5432314/54323143450.jpg,2025-08-04T00:21:30.663194
오딧세이 로맨틱 2종,오딧세이 오딧세이 로맨틱 스페셜 2종세트 (신),34150,59800,42.89,25650,옥션,https://link.auction.co.kr/gate/pcs?item-no=D767085241&sub-id=1&service-code=10000003,https://shopping-phinf.pstatic.net/main_5061973/50619734666.jpg,2025-08-04T00:21:30.663300
오딧세이 로맨틱 2종,오딧세이 로맨틱 2종 화장품 세트 로션 스킨,34390,59800,42.49,25410,두리스마켓,https://smartstore.naver.com/main/products/10758928831,https://shopping-phinf.pstatic.net/main_8830343/88303434753.jpg,2025-08-04T00:21:30.663190
오딧세이 로맨틱 2종,오딧세이 로맨틱 2종 화장품 세트 스킨 로션,35290,59800,40.99,24510,마켓하리스,https://smartstore.naver.com/main/products/8603804064,https://shopping-phinf.pstatic.net/main_8614830/86148304387.1.jpg,2025-08-04T00:21:30.663172
오딧세이 로맨틱 2종,오딧세이 아모레퍼시픽 오딧세이 로맨틱 스페셜 2종 세트(신형) 남성화장품 스킨 로션,35380,59800,40.84,24420,옥션,https://link.auction.co.kr/gate/pcs?item-no=E973585035&sub-id=1&service-code=10000003,https://shopping-phinf.pstatic.net/main_5441486/54414869235.jpg,2025-08-04T00:21:30.663196
오딧세이 로맨틱 2종,오딧세이 오딧세이 로맨틱 스페셜 2종 세트,35600,59800,40.47,24200,G마켓,https://link.gmarket.co.kr/gate/pcs?item-no=3546009182&sub-id=1003&service-code=10000003&lcd=100000005,https://shopping-phinf.pstatic.net/main_5297674/52976748186.jpg,2025-08-04T00:21:30.663275
오딧세이 로맨틱 2종,오딧세이(화장품) 로맨틱 스페셜 2종,35680,59800,40.33,24120,11번가,https://www.11st.co.kr/connect/Gateway.tmall?method=Xsite&prdNo=6984838691&tid=1000000061,https://shopping-phinf.pstatic.net/main_4680755/46807558420.3.jpg,2025-08-04T00:21:30.663279
오딧세이 로맨틱 2종,오딧세이 오딧세이 로맨틱 2종 단품,35730,59800,40.25,24070,옥션,https://link.auction.co.kr/gate/pcs?item-no=A965861992&sub-id=1&service-code=10000003,https://shopping-phinf.pstatic.net/main_5175175/51751751376.jpg,2025-08-04T00:21:30.663202
오딧세이 로맨틱 2종,오딧세이 아모레퍼시픽 오딧세이 로맨틱 스페셜 2종 세트(신형) 남성화장품 스킨 로션,35780,59800,40.17,24020,G마켓,https://link.gmarket.co.kr/gate/pcs?item-no=4396081508&sub-id=1003&service-code=10000003&lcd=100000005,https://shopping-phinf.pstatic.net/main_5441474/54414746836.jpg,2025-08-04T00:21:30.663184
오딧세이 로맨틱 2종,아모레퍼시픽 오딧세이 로맨틱 스페셜 2종 세트(신형) 남성화장품 스킨 로션,35860,59800,40.03,23940,11번가,https://www.11st.co.kr/connect/Gateway.tmall?method=Xsite&prdNo=1353249556&tid=1000000061,https://shopping-phinf.pstatic.net/main_4583556/45835568357.1.jpg,2025-08-04T00:21:30.663156
오딧세이 로맨틱 2종,[오디세이] 로맨틱 2종 세트,35990,59800,39.82,23810,마이페이스샵,https://smartstore.naver.com/main/products/9613773892,https://shopping-phinf.pstatic.net/main_8715827/87158276162.1.jpg,2025-08-04T00:21:30.663287
오딧세이 로맨틱 2종,오딧세이 오딧세이 로맨틱 2종 단품 (스킨+에멀젼),36100,59800,39.63,23700,옥션,https://link.auction.co.kr/gate/pcs?item-no=A550452948&sub-id=1&service-code=10000003,https://shopping-phinf.pstatic.net/main_5062411/50624114421.jpg,2025-08-04T00:21:30.663151
오딧세이 로맨틱 2종,오딧세이 오딧세이 로맨틱 2종 단품,36140,59800,39.57,23660,G마켓,https://link.gmarket.co.kr/gate/pcs?item-no=3760140867&sub-id=1003&service-code=10000003&lcd=100000005,https://shopping-phinf.pstatic.net/main_5488201/54882019245.jpg,2025-08-04T00:21:30.663240
오딧세이 로맨틱 2종,오딧세이 로맨틱 스페셜 2종 세트,36150,59800,39.55,23650,GSSHOP,http://with.gsshop.com/alia/aliaGate.gs?media=OB&ecpid=1040339772&vodFlag=N&prdseqnum=1040339772&utm_source=price&utm_medium=affiliate&utm_campaign=naver,https://shopping-phinf.pstatic.net/main_5558100/55581008676.jpg,2025-08-04T00:21:30.663139
오딧세이 로맨틱 2종,오디세이 로맨틱 2종 세트,36200,59800,39.46,23600,JOYEL컴퍼니,https://smartstore.naver.com/main/products/8321753528,https://shopping-phinf.pstatic.net/main_8586625/85866253851.1.jpg,2025-08-04T00:21:30.663128
오딧세이 로맨틱 2종,오딧세이 로맨틱 스페셜 2종 세트,36420,59800,39.1,23380,11번가,https://www.11st.co.kr/connect/Gateway.tmall?method=Xsite&prdNo=6343172244&tid=1000000061,https://shopping-phinf.pstatic.net/main_5436943/54369437236.1.jpg,2025-08-04T00:21:30.663226
오딧세이 로맨틱 2종,오딧세이 로맨틱 스페셜 2종 세트,36600,59800,38.8,23200,스킨플러스화장품,https://smartstore.naver.com/main/products/4468471709,https://shopping-phinf.pstatic.net/main_8201299/82012994613.2.jpg,2025-08-04T00:21:30.663166
오딧세이 로맨틱 2종,오딧세이 오딧세이 로맨틱 2종 스페셜세트,36790,59800,38.48,23010,옥션,https://link.auction.co.kr/gate/pcs?item-no=E761441846&sub-id=1&service-code=10000003,https://shopping-phinf.pstatic.net/main_5558549/55585496881.1.jpg,2025-08-04T00:21:30.663222
오딧세이 로맨틱 2종,로맨틱 스페셜 2종 세트,36927,59800,38.25,22873,SSG닷컴,http://www.ssg.com/item/itemView.ssg?itemId=1000562785981&siteNo=6001&salestrNo=6005&ckwhere=ssg_naver&appPopYn=n&utm_medium=PCS&utm_source=naver&utm_campaign=naver_pcs,https://shopping-phinf.pstatic.net/main_5263132/52631328846.1.jpg,2025-08-04T00:21:30.663188
오딧세이 로맨틱 2종,오딧세이 로맨틱 스페셜 2종 세트,36930,59800,38.24,22870,11번가,https://www.11st.co.kr/connect/Gateway.tmall?method=Xsite&prdNo=6496127249&tid=1000000061,https://shopping-phinf.pstatic.net/main_5558116/55581161442.jpg,2025-08-04T00:21:30.663200
오딧세이 로맨틱 2종,오딧세이 아모레퍼시픽 오딧세이 로맨틱 스페셜 2종 세트(신형) 남성화장품 스킨 로션,37030,59800,38.08,22770,G마켓,https://link.gmarket.co.kr/gate/pcs?item-no=1885345815&sub-id=1003&service-code=10000003&lcd=100000005,https://shopping-phinf.pstatic.net/main_4583726/45837260144.1.jpg,2025-08-04T00:21:30.663176
오딧세이 로맨틱 2종,오딧세이 오딧세이 로맨틱 스페셜 2종 세트,37400,59800,37.46,22400,옥션,https://link.auction.co.kr/gate/pcs?item-no=A107342292&sub-id=1&service-code=10000003,https://shopping-phinf.pstatic.net/main_5000965/50009650144.1.jpg,2025-08-04T00:21:30.663135
오딧세이 로맨틱 2종,오딧세이 오딧세이 로맨틱 스페셜 2종 세트,37710,59800,36.94,22090,G마켓,https://link.gmarket.co.kr/gate/pcs?item-no=3327349398&sub-id=1003&service-code=10000003&lcd=100000005,https://shopping-phinf.pstatic.net/main_5558125/55581251571.jpg,2025-08-04T00:21:30.663168
오딧세이 로맨틱 2종,오딧세이 오딧세이 로맨틱 2종 단품 (스킨+에멀젼),37790,59800,36.81,22010,G마켓,https://link.gmarket.co.kr/gate/pcs?item-no=3395000043&sub-id=1003&service-code=10000003&lcd=100000005,https://shopping-phinf.pstatic.net/main_5036682/50366828042.jpg,2025-08-04T00:21:30.663224
오딧세이 로맨틱 2종,오딧세이 오딧세이 로맨틱 스페셜 2종 세트,37830,59800,36.74,21970,G마켓,https://link.gmarket.co.kr/gate/pcs?item-no=3546025762&sub-id=1003&service-code=10000003&lcd=100000005,https://shopping-phinf.pstatic.net/main_5137555/51375552458.jpg,2025-08-04T00:21:30.663198
오딧세이 로맨틱 2종,오딧세이 오딧세이 NEW 로맨틱 스페셜 2종 세트+여행용키트,37900,59800,36.62,21900,G마켓,https://link.gmarket.co.kr/gate/pcs?item-no=3414636752&sub-id=1003&service-code=10000003&lcd=100000005,https://shopping-phinf.pstatic.net/main_5416828/54168283763.jpg,2025-08-04T00:21:30.663238
오딧세이 로맨틱 2종,오딧세이 오딧세이 NEW 로맨틱 스페셜 2종 세트+여행용키트,37900,59800,36.62,21900,옥션,https://link.auction.co.kr/gate/pcs?item-no=D818317264&sub-id=1&service-code=10000003,https://shopping-phinf.pstatic.net/main_5417209/54172098390.jpg,2025-08-04T00:21:30.663291
오딧세이 로맨틱 2종,오딧세이 로맨틱 스페셜 2종 세트 쇼핑백포함,38270,59800,36.0,21530,11번가,https://www.11st.co.kr/connect/Gateway.tmall?method=Xsite&prdNo=1184403984&tid=1000000061,https://shopping-phinf.pstatic.net/main_5097137/50971370700.3.jpg,2025-08-04T00:21:30.663145
오딧세이 로맨틱 2종,오딧세이 로맨틱 스페셜 2종 세트,38490,59800,35.64,21310,롯데ON,https://www.lotteon.com/p/product/LO2214878045?sitmNo=LO2214878045_2214878046&ch_no=100065&ch_dtl_no=1000030&entryPoint=pcs&dp_infw_cd=CHT,https://shopping-phinf.pstatic.net/main_5387239/53872390850.1.jpg,2025-08-04T00:21:30.663294
오딧세이 로맨틱 2종,오딧세이 로맨틱 스페셜 2종 세트,38500,59800,35.62,21300,동화코스메틱,https://smartstore.naver.com/main/products/100207077,https://shopping-phinf.pstatic.net/main_8461798/8461798993.3.jpg,2025-08-04T00:21:30.663178
오딧세이 로맨틱 2종,로맨틱 스페셜 2종 세트,38870,59800,35.0,20930,신세계몰,http://shinsegaemall.ssg.com/item/itemView.ssg?itemId=1000562785981&siteNo=6004&salestrNo=6005&ckwhere=s_naver&appPopYn=n&utm_medium=PCS&utm_source=naver&utm_campaign=naver_pcs,https://shopping-phinf.pstatic.net/main_5263138/52631385666.1.jpg,2025-08-04T00:21:30.663186
오딧세이 로맨틱 2종,오딧세이 로맨틱 스킨130ml+스킨130ml 2종  단품  1개,39000,59800,34.78,20800,쿠팡,https://link.coupang.com/re/PCSNAVERPCSDP?pageKey=7489976658&ctag=7489976658&lptag=I23438082263&itemId=23438082263&vendorItemId=74300454426&spec=10305199,https://shopping-phinf.pstatic.net/main_5411388/54113882460.jpg,2025-08-04T00:21:30.663253
오딧세이 로맨틱 2종,오딧세이 오딧세이 로맨틱 스페셜 2종 세트,39600,59800,33.78,20200,G마켓,https://link.gmarket.co.kr/gate/pcs?item-no=3576562651&sub-id=1003&service-code=10000003&lcd=100000005,https://shopping-phinf.pstatic.net/main_5416697/54166973157.jpg,2025-08-04T00:21:30.663245
오딧세이 로맨틱 2종,오딧세이 오딧세이 로맨틱 스페셜 2종 세트,39600,59800,33.78,20200,옥션,https://link.auction.co.kr/gate/pcs?item-no=E468661918&sub-id=1&service-code=10000003,https://shopping-phinf.pstatic.net/main_5418438/54184380447.jpg,2025-08-04T00:21:30.663255
오딧세이 로맨틱 2종,오딧세이 오딧세이 로맨틱 스페셜 2종 세트 보습,39600,59800,33.78,20200,옥션,https://link.auction.co.kr/gate/pcs?item-no=E200690898&sub-id=1&service-code=10000003,https://shopping-phinf.pstatic.net/main_5418181/54181814287.jpg,2025-08-04T00:21:30.663259
오딧세이 로맨틱 2종,오딧세이 오딧세이 로맨틱 스페셜 2종 세트,39600,59800,33.78,20200,옥션,https://link.auction.co.kr/gate/pcs?item-no=E200690799&sub-id=1&service-code=10000003,https://shopping-phinf.pstatic.net/main_5418428/54184285477.jpg,2025-08-04T00:21:30.663261
오딧세이 로맨틱 2종,오딧세이 오딧세이 로맨틱 스페셜 2종 세트,39600,59800,33.78,20200,G마켓,https://link.gmarket.co.kr/gate/pcs?item-no=3860869538&sub-id=1003&service-code=10000003&lcd=100000005,https://shopping-phinf.pstatic.net/main_5417078/54170785341.jpg,2025-08-04T00:21:30.663267
오딧세이 로맨틱 2종,오딧세이 오딧세이 로맨틱 스페셜 2종 세트 보습,39600,59800,33.78,20200,G마켓,https://link.gmarket.co.kr/gate/pcs?item-no=3576563971&sub-id=1003&service-code=10000003&lcd=100000005,https://shopping-phinf.pstatic.net/main_5417006/54170063667.jpg,2025-08-04T00:21:30.663269
오딧세이 로맨틱 2종,오딧세이 로맨틱 스페셜 2종 세트 남성 스킨로션 (스킨 130ml+에멀젼 130ml),40060,59800,33.01,19740,오딧세이 옴므,https://smartstore.naver.com/main/products/9428641876,https://shopping-phinf.pstatic.net/main_8697314/86973142199.6.jpg,2025-08-04T00:21:30.663206
오딧세이 로맨틱 2종,오딧세이 로맨틱 스페셜 2종 세트 남성 스킨로션 (스킨 130ml+에멀젼 130ml),40060,59800,33.01,19740,오딧세이,https://shopping.naver.com/outlink/itemdetail/9428641877,https://shopping-phinf.pstatic.net/main_8697314/86973142200.6.jpg,2025-08-04T00:21:30.663257
오딧세이 로맨틱 2종,오딧세이 오딧세이 로맨틱 스페셜 2종 세트 + 증정,40660,59800,32.01,19140,옥션,https://link.auction.co.kr/gate/pcs?item-no=D644167708&sub-id=1&service-code=10000003,https://shopping-phinf.pstatic.net/main_5437793/54377936581.jpg,2025-08-04T00:21:30.663174
오딧세이 로맨틱 2종,오딧세이 오딧세이 로맨틱 스페셜 2종 세트 + 증정,40670,59800,31.99,19130,G마켓,https://link.gmarket.co.kr/gate/pcs?item-no=3231569573&sub-id=1003&service-code=10000003&lcd=100000005,https://shopping-phinf.pstatic.net/main_5433306/54333068364.jpg,2025-08-04T00:21:30.663149
오딧세이 로맨틱 2종,오딧세이 아모레 오딧세이 로맨틱 스페셜 2종세트,41360,59800,30.84,18440,옥션,https://link.auction.co.kr/gate/pcs?item-no=D553412198&sub-id=1&service-code=10000003,https://shopping-phinf.pstatic.net/main_5488070/54880709826.jpg,2025-08-04T00:21:30.663296
오딧세이 로맨틱 2종,오딧세이 로맨틱 스페셜 2종 세트 871162,41500,59800,30.6,18300,11번가,https://www.11st.co.kr/connect/Gateway.tmall?method=Xsite&prdNo=8491620836&tid=1000000061,https://shopping-phinf.pstatic.net/main_5586621/55866218222.jpg,2025-08-04T00:21:30.663215
오딧세이 로맨틱 2종,오딧세이 로맨틱 스페셜 2종세트 남성화장품,41600,59800,30.43,18200,부띠끄라인,https://smartstore.naver.com/main/products/8598085301,https://shopping-phinf.pstatic.net/main_8614258/86142585624.jpg,2025-08-04T00:21:30.663234
오딧세이 로맨틱 2종,오디세이 로맨틱 2종 세트,41700,59800,30.27,18100,1번track,https://smartstore.naver.com/main/products/9296165685,https://shopping-phinf.pstatic.net/main_8684066/86840666008.jpg,2025-08-04T00:21:30.663271
오딧세이 로맨틱 2종,오딧세이 오딧세이 로맨틱 스페셜 2종 세트,41860,59800,30.0,17940,옥션,https://link.auction.co.kr/gate/pcs?item-no=E446330476&sub-id=1&service-code=10000003,https://shopping-phinf.pstatic.net/main_5437635/54376351843.jpg,2025-08-04T00:21:30.663154
오딧세이 로맨틱 2종,[텐텐] 오딧세이 로맨틱 스페셜 2종 세트,41860,59800,30.0,17940,홈앤쇼핑,https://www.hnsmall.com/channel/channel.do?goods_code=44269060&channel_code=20005&utm_source=Naver&utm_medium=AF&utm_campaign=Half_Beauty_44269060&trackingarea=60000016^8005618^1389595,https://shopping-phinf.pstatic.net/main_5536080/55360802833.jpg,2025-08-04T00:21:30.663298
오딧세이 로맨틱 2종,오디세이 로맨틱 2종 세트,41900,59800,29.93,17900,맘토리 3호점,https://smartstore.naver.com/main/products/10718750480,https://shopping-phinf.pstatic.net/main_8826325/88263256402.jpg,2025-08-04T00:21:30.663273
오딧세이 로맨틱 2종,오딧세이 로맨틱 스페셜 2종 세트  1개,41900,59800,29.93,17900,쿠팡,https://link.coupang.com/re/PCSNAVERPCSDP?pageKey=8601176513&ctag=8601176513&lptag=I25037303178&itemId=25037303178&vendorItemId=91836952430&spec=10305199,https://shopping-phinf.pstatic.net/main_5338335/53383355735.jpg,2025-08-04T00:21:30.663278
오딧세이 로맨틱 2종,오딧세이 오딧세이 로맨틱 스페셜 2종세트,42460,59800,29.0,17340,G마켓,https://link.gmarket.co.kr/gate/pcs?item-no=4081060081&sub-id=1003&service-code=10000003&lcd=100000005,https://shopping-phinf.pstatic.net/main_5570241/55702419091.jpg,2025-08-04T00:21:30.663230
오딧세이 로맨틱 2종,오딧세이 오딧세이 로맨틱 스페셜 2종 세트,44420,59800,25.72,15380,G마켓,https://link.gmarket.co.kr/gate/pcs?item-no=4460604635&sub-id=1003&service-code=10000003&lcd=100000005,https://shopping-phinf.pstatic.net/main_5556486/55564862805.jpg,2025-08-04T00:21:30.663236
오딧세이 로맨틱 2종,오디세이 로맨틱 2종 세트,44970,59800,24.8,14830,나뭉,https://smartstore.naver.com/main/products/10041744825,https://shopping-phinf.pstatic.net/main_8758624/87586247329.1.jpg,2025-08-04T00:21:30.663247
오딧세이 로맨틱 2종,오딧세이 오딧세이 로맨틱 스페셜 2종세트,47700,59800,20.23,12100,옥션,https://link.auction.co.kr/gate/pcs?item-no=E895681013&sub-id=1&service-code=10000003,https://shopping-phinf.pstatic.net/main_5417769/54177696645.jpg,2025-08-04T00:21:30.663263
오딧세이 로맨틱 2종,오딧세이 오딧세이 로맨틱 스페셜 2종세트,47700,59800,20.23,12100,옥션,https://link.auction.co.kr/gate/pcs?item-no=E895680957&sub-id=1&service-code=10000003,https://shopping-phinf.pstatic.net/main_5417559/54175598973.jpg,2025-08-04T00:21:30.663265
오딧세이 로맨틱 2종,오딧세이 오딧세이 로맨틱 2종 화장품 세트 스킨 로션,49550,59800,17.14,10250,G마켓,https://link.gmarket.co.kr/gate/pcs?item-no=4139036287&sub-id=1003&service-code=10000003&lcd=100000006,https://shopping-phinf.pstatic.net/main_5548009/55480096096.1.jpg,2025-08-04T00:21:30.663228
오딧세이 로맨틱 2종,오딧세이옴므 오디세이 로맨틱 2종 남성 기초세트 로션스킨 신형,52900,59800,11.54,6900,G마켓,https://link.gmarket.co.kr/gate/pcs?item-no=4483481988&sub-id=1003&service-code=10000003&lcd=100000005,https://shopping-phinf.pstatic.net/main_5591584/55915845603.jpg,2025-08-04T00:21:30.663304
오딧세이 로맨틱 2종,오딧세이 오딧세이 로맨틱 스페셜2종세트(신형),53800,59800,10.03,6000,옥션,https://link.auction.co.kr/gate/pcs?item-no=F284883247&sub-id=1&service-code=10000003,https://shopping-phinf.pstatic.net/main_5588600/55886008383.jpg,2025-08-04T00:21:30.663212
오딧세이 로맨틱 2종,오딧세이옴므 오디세이 로맨틱 2종 남성 기초세트 로션스킨 신형,54300,59800,9.2,5500,옥션,https://link.auction.co.kr/gate/pcs?item-no=F287342544&sub-id=1&service-code=10000003,https://shopping-phinf.pstatic.net/main_5591582/55915820992.jpg,2025-08-04T00:21:30.663306
오딧세이 로맨틱 2종,오디세이 로맨틱 2종 세트,57000,59800,4.68,2800,디휴니,https://smartstore.naver.com/main/products/12080823540,https://shopping-phinf.pstatic.net/main_8962533/89625334239.jpg,2025-08-04T00:21:30.663208
오딧세이 로맨틱 2종,오딧세이 오딧세이 로맨틱 스페셜 2종 세트,57820,59800,3.31,1980,옥션,https://link.auction.co.kr/gate/pcs?item-no=E814680201&sub-id=1&service-code=10000003,https://shopping-phinf.pstatic.net/main_5475811/54758112898.jpg,2025-08-04T00:21:30.663249
오딧세이 로맨틱 2종,오딧세이 (무배/세트정품/추가금X) 오딧세이 로맨틱 2종 세트,58960,59800,1.4,840,옥션,https://link.auction.co.kr/gate/pcs?item-no=A593619665&sub-id=1&service-code=10000003,https://shopping-phinf.pstatic.net/main_5098710/50987100520.jpg,2025-08-04T00:21:30.663281
오딧세이 로맨틱 2종,오딧세이 로맨틱 남성 화장품 스킨 + 로션 2종 세트,69580,59800,-16.35,-9780,11번가,https://www.11st.co.kr/connect/Gateway.tmall?method=Xsite&prdNo=8016277312&tid=1000000061,https://shopping-phinf.pstatic.net/main_5309995/53099957693.1.jpg,2025-08-04T00:21:30.663289
오딧세이 로맨틱 2종,오딧세이 오딧세이 로맨틱 2종세트,84890,59800,-41.96,-25090,옥션,https://link.auction.co.kr/gate/pcs?item-no=F266096546&sub-id=1&service-code=10000003,https://shopping-phinf.pstatic.net/main_5560274/55602749164.jpg,2025-08-04T00:21:30.663217
오딧세이 로맨틱 2종,오딧세이 오딧세이 로맨틱 2종세트,84900,59800,-41.97,-25100,G마켓,https://link.gmarket.co.kr/gate/pcs?item-no=4463308556&sub-id=1003&service-code=10000003&lcd=100000005,https://shopping-phinf.pstatic.net/main_5560231/55602312715.jpg,2025-08-04T00:21:30.663220
오딧세이 로맨틱 2종,매일관리 오디세이 오딧세이화장품 오딧세이로맨틱 2종세트 케어1452915,93000,59800,-55.52,-33200,쿠팡,https://link.coupang.com/re/PCSNAVERPCSDP?pageKey=8758135578&ctag=8758135578&lptag=I26000475536&itemId=26000475536&vendorItemId=92982655416&spec=10305199,https://shopping-phinf.pstatic.net/main_5575605/55756055294.jpg,2025-08-04T00:21:30.663211
오딧세이 로맨틱 2종,오딧세이 오딧세이 로맨틱 2종세트,103630,59800,-73.29,-43830,G마켓,https://link.gmarket.co.kr/gate/pcs?item-no=3681021145&sub-id=1003&service-code=10000003&lcd=100000005,https://shopping-phinf.pstatic.net/main_5541801/55418018270.jpg,2025-08-04T00:21:30.663232
